studyInstanceUID,filepath
1,data\1.2.840.113725.2.2.2162643943.1012243689.dcm
1,data\1.2.840.113725.2.2.2162643943.1012243802.dcm
2,data\1.2.840.113725.2.2.2162643943.1012243926.dcm
2,data\1.2.840.113725.2.2.2162643943.1012244072.dcm
3,data\1.2.840.113725.2.2.2162643943.1012244184.dcm
